<?xml version="1.0" encoding="utf-8"?>
<manifest>
	<application>
	<name>Jandan手机版</name>
	<alias>MedzSiteJandan</alias>
	<version>1.0</version>
	<pw-version>9.0</pw-version>
	<charset>UTF-8</charset>
	<type>style</type>
	<style-type>site</style-type>
	<description>http://i.jandan.net</description>
	<logo>images/preview.jpg</logo>
	<website>http://www.medz.cn</website>
	<author-name>Medz Seven</author-name>
	<author-email>lovevipdsw@vip.qq.com</author-email>
	<author-icon>
	</author-icon>
	</application>
	</manifest>
